FunctionName;Type;DefinedIn;ExportedIn;UsageFile;UsageLineNumber;UsageLineContent
getPlayerElement;function;app\static\js\camera_main_logic.js;;app\static\js\camera_main_logic.js;12;function getPlayerElement() {
getPlayerElement;function;app\static\js\camera_main_logic.js;;app\static\js\camera_main_logic.js;26;"const player = getPlayerElement();"
getMapInnerElement;function;app\static\js\camera_main_logic.js;app\static\js\camera_main_logic.js;app\static\js\camera_main_logic.js;16;export function getMapInnerElement() {
getMapInnerElement;function;app\static\js\camera_main_logic.js;app\static\js\camera_main_logic.js;app\static\js\camera_main_logic.js;35;"const mapInner = getMapInnerElement();"
getMapContainerElement;function;app\static\js\camera_main_logic.js;app\static\js\camera_main_logic.js;app\static\js\camera_main_logic.js;20;export function getMapContainerElement() {
getMapContainerElement;function;app\static\js\camera_main_logic.js;app\static\js\camera_main_logic.js;app\static\js\camera_main_logic.js;36;"const mapContainer = getMapContainerElement();"
movePlayer;function;app\static\js\camera_main_logic.js;app\static\js\camera_main_logic.js;app\static\js\camera_main_logic.js;25;export function movePlayer() {
movePlayer;function;app\static\js\camera_main_logic.js;app\static\js\camera_main_logic.js;app\static\js\map_main_logic.js;238;"// movePlayer();"
resizeMapContainer;function;app\static\js\camera_main_logic.js;app\static\js\camera_main_logic.js;app\static\js\camera_main_logic.js;50;export function resizeMapContainer() {
set_deplacement_sans_rencontre;function;app\static\js\combat_manager_logic.js;app\static\js\combat_manager_logic.js;app\static\js\combat_manager_logic.js;48;function set_deplacement_sans_rencontre(val) {
get_deplacement_sans_rencontre;function;app\static\js\combat_manager_logic.js;app\static\js\combat_manager_logic.js;app\static\js\combat_manager_logic.js;55;function get_deplacement_sans_rencontre() {
reset_deplacement_sans_rencontre;function;app\static\js\combat_manager_logic.js;app\static\js\combat_manager_logic.js;app\static\js\combat_manager_logic.js;59;function reset_deplacement_sans_rencontre() {
creer_monstre_et_demarrer_combat;function;app\static\js\combat_manager_logic.js;app\static\js\combat_manager_logic.js;app\static\js\combat_manager_logic.js;65;function creer_monstre_et_demarrer_combat(monstre, pv, x, y) {
creer_monstre_et_demarrer_combat;function;app\static\js\combat_manager_logic.js;app\static\js\combat_manager_logic.js;app\static\js\combat_manager_logic.js;221;"const monstreObj = creer_monstre_et_demarrer_combat(monstre, pv, spawnX, spawnY);"
demarrer_combat;function;app\static\js\combat_manager_logic.js;app\static\js\combat_manager_logic.js;app\static\js\combat_manager_logic.js;81;"demarrer_combat(monstreObj);"
demarrer_combat;function;app\static\js\combat_manager_logic.js;app\static\js\combat_manager_logic.js;app\static\js\combat_manager_logic.js;87;function demarrer_combat(monstre) {
demarrer_combat;function;app\static\js\combat_manager_logic.js;app\static\js\combat_manager_logic.js;app\static\js\combat_manager_logic.js;295;"demarrer_combat(monstre);"
finir_combat;function;app\static\js\combat_manager_logic.js;app\static\js\combat_manager_logic.js;app\static\js\combat_manager_logic.js;107;function finir_combat() {
finir_combat;function;app\static\js\combat_manager_logic.js;app\static\js\combat_manager_logic.js;app\static\js\combat_manager_logic.js;142;"finir_combat();"
finir_combat;function;app\static\js\combat_manager_logic.js;app\static\js\combat_manager_logic.js;app\static\js\combat_manager_logic.js;164;"finir_combat();"
attaquer_joueur;function;app\static\js\combat_manager_logic.js;app\static\js\combat_manager_logic.js;app\static\js\combat_manager_logic.js;101;"attaquer_joueur(monstre);"
attaquer_joueur;function;app\static\js\combat_manager_logic.js;app\static\js\combat_manager_logic.js;app\static\js\combat_manager_logic.js;120;function attaquer_joueur(monstre) {
attaquer_monstre;function;app\static\js\combat_manager_logic.js;app\static\js\combat_manager_logic.js;app\static\js\combat_manager_logic.js;146;function attaquer_monstre(valeur) {
get_combat_actif;function;app\static\js\combat_manager_logic.js;app\static\js\combat_manager_logic.js;app\static\js\combat_manager_logic.js;169;function get_combat_actif() {
get_combat_actif;function;app\static\js\combat_manager_logic.js;app\static\js\combat_manager_logic.js;app\static\js\combat_manager_logic.js;179;"if (get_combat_actif()) return;"
get_current_monstre;function;app\static\js\combat_manager_logic.js;app\static\js\combat_manager_logic.js;app\static\js\combat_manager_logic.js;173;function get_current_monstre() {
verifier_rencontre;function;app\static\js\combat_manager_logic.js;app\static\js\combat_manager_logic.js;app\static\js\combat_manager_logic.js;178;function verifier_rencontre() {
detecter_sortie;function;app\static\js\combat_manager_logic.js;app\static\js\combat_manager_logic.js;app\static\js\combat_manager_logic.js;234;function detecter_sortie(exitZones) {
verifier_combat_adj_monstre;function;app\static\js\combat_manager_logic.js;app\static\js\combat_manager_logic.js;app\static\js\combat_manager_logic.js;245;function verifier_combat_adj_monstre() {
detectMonsters;function;app\static\js\input_handler_logic.js;app\static\js\input_handler_logic.js;app\static\js\input_handler_logic.js;20;function detectMonsters(currentX, currentY) {
detectMonsters;function;app\static\js\input_handler_logic.js;app\static\js\input_handler_logic.js;app\static\js\input_handler_logic.js;103;"const { monstreSurCase, monstreAdj, monsterElements } = detectMonsters(currentX, currentY);"
triggerCombatIfNeeded;function;app\static\js\input_handler_logic.js;;app\static\js\input_handler_logic.js;33;function triggerCombatIfNeeded(monstreSurCase, monstreAdj, monsterElements, currentX, currentY) {
triggerCombatIfNeeded;function;app\static\js\input_handler_logic.js;;app\static\js\input_handler_logic.js;105;"triggerCombatIfNeeded(monstreSurCase, monstreAdj, monsterElements, currentX, currentY);"
isMoveBlockedByMonster;function;app\static\js\input_handler_logic.js;;app\static\js\input_handler_logic.js;61;function isMoveBlockedByMonster(newX, newY) {
isMoveBlockedByMonster;function;app\static\js\input_handler_logic.js;;app\static\js\input_handler_logic.js;134;"const monstreSurCaseDeplacement = isMoveBlockedByMonster(newX, newY);"
utiliserTalentEnCombat;function;app\static\js\input_handler_logic.js;app\static\js\input_handler_logic.js;app\static\js\input_handler_logic.js;71;function utiliserTalentEnCombat(talent) {
utiliserTalentEnCombat;function;app\static\js\input_handler_logic.js;app\static\js\input_handler_logic.js;app\static\js\input_handler_logic.js;95;"utiliserTalentEnCombat(talent);"
utiliserTalentEnCombat;function;app\static\js\input_handler_logic.js;app\static\js\input_handler_logic.js;app\static\js\player_talents_logic.js;102;"utiliserTalentEnCombat(talent);"
handleKeydown;function;app\static\js\input_handler_logic.js;app\static\js\input_handler_logic.js;app\static\js\input_handler_logic.js;81;function handleKeydown(e) {
showToast;function;app\static\js\main_entry_point.js;app\static\js\main_entry_point.js;app\static\js\main_entry_point.js;26;function showToast(message, color = '#333') {
showToast;function;app\static\js\main_entry_point.js;app\static\js\main_entry_point.js;app\static\js\main_entry_point.js;155;"showToast('Partie sauvegardée !', '#388e3c');"
showToast;function;app\static\js\main_entry_point.js;app\static\js\main_entry_point.js;app\static\js\main_entry_point.js;157;"showToast('Erreur lors de la sauvegarde.', '#c62828');"
showToast;function;app\static\js\main_entry_point.js;app\static\js\main_entry_point.js;app\static\js\main_entry_point.js;160;"showToast('Erreur réseau lors de la sauvegarde.', '#c62828');"
chargerTalentsEtDemarrerJeu;function;app\static\js\main_entry_point.js;app\static\js\main_entry_point.js;app\static\js\main_entry_point.js;59;function chargerTalentsEtDemarrerJeu() {
chargerTalentsEtDemarrerJeu;function;app\static\js\main_entry_point.js;app\static\js\main_entry_point.js;app\static\js\main_entry_point.js;181;"chargerTalentsEtDemarrerJeu();"
demarrerJeu;function;app\static\js\main_entry_point.js;app\static\js\main_entry_point.js;app\static\js\main_entry_point.js;67;"demarrerJeu();"
demarrerJeu;function;app\static\js\main_entry_point.js;app\static\js\main_entry_point.js;app\static\js\main_entry_point.js;75;function demarrerJeu() {
changeClass;function;app\static\js\main_entry_point.js;;app\static\js\main_entry_point.js;194;function changeClass(direction) {
changeClass;function;app\static\js\main_entry_point.js;;app\templates\menu.html;29;"<span class=""arrow"" onclick=""changeClass(-1)"">⯇</span>"
changeClass;function;app\static\js\main_entry_point.js;;app\templates\menu.html;32;"<span class=""arrow"" onclick=""changeClass(1)"">⯈</span>"
getVisibleTileCount;function;app\static\js\map_main_logic.js;;app\static\js\map_main_logic.js;22;function getVisibleTileCount() {
extraireCoordonneesCarte;function;app\static\js\map_main_logic.js;app\static\js\map_main_logic.js;app\static\js\map_main_logic.js;28;function extraireCoordonneesCarte(nom) {
extraireCoordonneesCarte;function;app\static\js\map_main_logic.js;app\static\js\map_main_logic.js;app\static\js\map_main_logic.js;78;"const { colonne, ligne } = extraireCoordonneesCarte(currentMap);"
getBlockedKey;function;app\static\js\map_main_logic.js;;app\static\js\map_main_logic.js;34;function getBlockedKey(x, y) {
getBlockedKey;function;app\static\js\map_main_logic.js;;app\static\js\map_main_logic.js;39;"return blockedTiles.has(getBlockedKey(x, y));"
getBlockedKey;function;app\static\js\map_main_logic.js;;app\static\js\map_main_logic.js;197;"blockedTiles.add(getBlockedKey(x, y));"
isBlocked;function;app\static\js\map_main_logic.js;app\static\js\map_main_logic.js,app\static\js\map_main_logic.js;app\static\js\combat_manager_logic.js;211;if (!window.isBlocked || !window.isBlocked(nx, ny)) {
isBlocked;function;app\static\js\map_main_logic.js;app\static\js\map_main_logic.js,app\static\js\map_main_logic.js;app\static\js\input_handler_logic.js;128;if (modules.isBlocked(newX, newY)) {
isBlocked;function;app\static\js\map_main_logic.js;app\static\js\map_main_logic.js,app\static\js\map_main_logic.js;app\static\js\map_main_logic.js;38;function isBlocked(x, y) {
isBlocked;function;app\static\js\map_main_logic.js;app\static\js\map_main_logic.js,app\static\js\map_main_logic.js;app\static\js\map_main_logic.js;44;if (!isBlocked(x, y)) {
isBlocked;function;app\static\js\map_main_logic.js;app\static\js\map_main_logic.js,app\static\js\map_main_logic.js;app\static\js\map_main_logic.js;60;if (!isBlocked(tryX, tryY)) {
isBlocked;function;app\static\js\map_main_logic.js;app\static\js\map_main_logic.js,app\static\js\map_main_logic.js;app\static\js\monstre_main_logic.js;154;if (!isBlocked || !isBlocked(newX, newY)) {
isBlocked;function;app\static\js\map_main_logic.js;app\static\js\map_main_logic.js,app\static\js\map_main_logic.js;app\static\js\player_talents_logic.js;181;if (!isBlocked(tryX, tryY) && !monstreSurCase) {
setPlayerPosition;function;app\static\js\map_main_logic.js;app\static\js\map_main_logic.js;app\static\js\map_main_logic.js;43;function setPlayerPosition(x, y) {
setPlayerPosition;function;app\static\js\map_main_logic.js;app\static\js\map_main_logic.js;app\static\js\map_main_logic.js;215;if (!setPlayerPosition(targetX, targetY)) {
setPlayerPosition;function;app\static\js\map_main_logic.js;app\static\js\map_main_logic.js;app\static\js\player_talents_logic.js;205;"setPlayerPosition(last.x, last.y);"
deplacementVersCarte;function;app\static\js\map_main_logic.js;app\static\js\map_main_logic.js;app\static\js\map_main_logic.js;76;function deplacementVersCarte(direction) {
chargerNouvelleCarte;function;app\static\js\map_main_logic.js;app\static\js\map_main_logic.js;app\static\js\main_entry_point.js;122;"chargerNouvelleCarte(saveData.carte, saveData.position.x, saveData.position.y);"
chargerNouvelleCarte;function;app\static\js\map_main_logic.js;app\static\js\map_main_logic.js;app\static\js\map_main_logic.js;50;"chargerNouvelleCarte(sortie.destination, sortie.spawnX, sortie.spawnY);"
chargerNouvelleCarte;function;app\static\js\map_main_logic.js;app\static\js\map_main_logic.js;app\static\js\map_main_logic.js;66;"chargerNouvelleCarte(sortie.destination, sortie.spawnX, sortie.spawnY);"
chargerNouvelleCarte;function;app\static\js\map_main_logic.js;app\static\js\map_main_logic.js;app\static\js\map_main_logic.js;113;"chargerNouvelleCarte(nouvelleCarte, spawnX, spawnY);"
chargerNouvelleCarte;function;app\static\js\map_main_logic.js;app\static\js\map_main_logic.js;app\static\js\map_main_logic.js;118;function chargerNouvelleCarte(nomCarte, spawnX = null, spawnY = null) {
creerMonstre;function;app\static\js\monstre_main_logic.js;app\static\js\monstre_main_logic.js;app\static\js\monstre_main_logic.js;45;function creerMonstre({ id, nom, niveau, pv, atk, def, image, baseId, posX = 0, posY = 0 }) {
creerElementMonstre;function;app\static\js\monstre_main_logic.js;app\static\js\monstre_main_logic.js;app\static\js\monstre_main_logic.js;75;"const monstreDiv = creerElementMonstre(image, id, posX, posY);"
creerElementMonstre;function;app\static\js\monstre_main_logic.js;app\static\js\monstre_main_logic.js;app\static\js\monstre_main_logic.js;99;function creerElementMonstre(image, uniqueId, posX = 0, posY = 0) {
deplacerMonstre;function;app\static\js\monstre_main_logic.js;app\static\js\monstre_main_logic.js;app\static\js\monstre_main_logic.js;130;function deplacerMonstre(monstre) {
deplacerMonstre;function;app\static\js\monstre_main_logic.js;app\static\js\monstre_main_logic.js;app\static\js\monstre_main_logic.js;225;"deplacerMonstre(monstre);"
deplacerTousMonstres;function;app\static\js\monstre_main_logic.js;app\static\js\monstre_main_logic.js;app\static\js\monstre_main_logic.js;168;function deplacerTousMonstres() {
demarrerDeplacementMonstres;function;app\static\js\monstre_main_logic.js;app\static\js\monstre_main_logic.js;app\static\js\monstre_main_logic.js;89;"demarrerDeplacementMonstres();"
demarrerDeplacementMonstres;function;app\static\js\monstre_main_logic.js;app\static\js\monstre_main_logic.js;app\static\js\monstre_main_logic.js;233;function demarrerDeplacementMonstres() {
demarrerDeplacementMonstres;function;app\static\js\monstre_main_logic.js;app\static\js\monstre_main_logic.js;app\static\js\monstre_main_logic.js;249;"demarrerDeplacementMonstres();"
demarrerDeplacementMonstres;function;app\static\js\monstre_main_logic.js;app\static\js\monstre_main_logic.js;app\static\js\monstre_main_logic.js;259;"demarrerDeplacementMonstres();"
arreterDeplacementMonstres;function;app\static\js\monstre_main_logic.js;app\static\js\monstre_main_logic.js;app\static\js\monstre_main_logic.js;173;"arreterDeplacementMonstres();"
arreterDeplacementMonstres;function;app\static\js\monstre_main_logic.js;app\static\js\monstre_main_logic.js;app\static\js\monstre_main_logic.js;240;function arreterDeplacementMonstres() {
arreterDeplacementMonstres;function;app\static\js\monstre_main_logic.js;app\static\js\monstre_main_logic.js;app\static\js\monstre_main_logic.js;254;"// arreterDeplacementMonstres();"
arreterDeplacementMonstres;function;app\static\js\monstre_main_logic.js;app\static\js\monstre_main_logic.js;app\static\js\monstre_main_logic.js;378;"arreterDeplacementMonstres();"
getMonstreParId;function;app\static\js\monstre_main_logic.js;app\static\js\monstre_main_logic.js;app\static\js\input_handler_logic.js;39;"const monstre = modules.getMonstreParId(monsterDiv.id.replace('combat-monstre-', ''));"
getMonstreParId;function;app\static\js\monstre_main_logic.js;app\static\js\monstre_main_logic.js;app\static\js\monstre_main_logic.js;263;function getMonstreParId(id) {
getMonstresAdjacentsEtSurCase;function;app\static\js\monstre_main_logic.js;app\static\js\monstre_main_logic.js;app\static\js\monstre_main_logic.js;267;function getMonstresAdjacentsEtSurCase() {
getMonstresActifs;function;app\static\js\monstre_main_logic.js;app\static\js\monstre_main_logic.js;app\static\js\monstre_main_logic.js;278;function getMonstresActifs() {
appliquerDegatsAuMonstre;function;app\static\js\monstre_main_logic.js;app\static\js\monstre_main_logic.js;app\static\js\monstre_main_logic.js;283;function appliquerDegatsAuMonstre(monstre, valeur) {
appliquerSoinAuMonstre;function;app\static\js\monstre_main_logic.js;app\static\js\monstre_main_logic.js;app\static\js\monstre_main_logic.js;299;function appliquerSoinAuMonstre(monstre, valeur) {
appliquerBuffAuMonstre;function;app\static\js\monstre_main_logic.js;app\static\js\monstre_main_logic.js;app\static\js\monstre_main_logic.js;304;function appliquerBuffAuMonstre(monstre, nomBuff) {
appliquerDebuffAuMonstre;function;app\static\js\monstre_main_logic.js;app\static\js\monstre_main_logic.js;app\static\js\monstre_main_logic.js;309;function appliquerDebuffAuMonstre(monstre, nomDebuff) {
appliquerMissAuMonstre;function;app\static\js\monstre_main_logic.js;app\static\js\monstre_main_logic.js;app\static\js\monstre_main_logic.js;314;function appliquerMissAuMonstre(monstre) {
appliquerPoison;function;app\static\js\monstre_main_logic.js;app\static\js\monstre_main_logic.js;app\static\js\monstre_main_logic.js;320;function appliquerPoison(monstre, valeur = 2, duree = 4000) {
appliquerStun;function;app\static\js\monstre_main_logic.js;app\static\js\monstre_main_logic.js;app\static\js\monstre_main_logic.js;338;function appliquerStun(monstre, duree = 2000) {
appliquerDebuffAtkMonstre;function;app\static\js\monstre_main_logic.js;app\static\js\monstre_main_logic.js;app\static\js\monstre_main_logic.js;348;function appliquerDebuffAtkMonstre(monstre, valeur = -2, duree = 3000) {
estempoisonne;function;app\static\js\monstre_main_logic.js;app\static\js\monstre_main_logic.js;app\static\js\monstre_main_logic.js;354;function estempoisonne(monstre) {
retirerPoison;function;app\static\js\monstre_main_logic.js;app\static\js\monstre_main_logic.js;app\static\js\monstre_main_logic.js;359;function retirerPoison(monstre) {
supprimerMonstre;function;app\static\js\monstre_main_logic.js;app\static\js\monstre_main_logic.js;app\static\js\monstre_main_logic.js;364;function supprimerMonstre(monstre) {
stopAllMonsters;function;app\static\js\monstre_main_logic.js;app\static\js\monstre_main_logic.js;app\static\js\map_main_logic.js;120;"// stopAllMonsters();"
stopAllMonsters;function;app\static\js\monstre_main_logic.js;app\static\js\monstre_main_logic.js;app\static\js\monstre_main_logic.js;377;function stopAllMonsters() {
stopAllMonsters;function;app\static\js\monstre_main_logic.js;app\static\js\monstre_main_logic.js;app\static\js\player_talents_logic.js;149;"stopAllMonsters();"
creer_etat_monstre;function;app\static\js\monstre_state_logic.js;app\static\js\monstre_state_logic.js;app\static\js\monstre_state_logic.js;12;function creer_etat_monstre({ id, nom, niveau, pv, atk, def, ...autres }) {
set_monstre_pv;function;app\static\js\monstre_state_logic.js;app\static\js\monstre_state_logic.js;app\static\js\monstre_state_logic.js;29;"function set_monstre_pv(monstre, pv) { monstre.pv = pv; }"
get_monstre_pv;function;app\static\js\monstre_state_logic.js;app\static\js\monstre_state_logic.js;app\static\js\combat_manager_logic.js;163;if (get_monstre_pv(window.currentMonstre.state) <= 0) {
get_monstre_pv;function;app\static\js\monstre_state_logic.js;app\static\js\monstre_state_logic.js;app\static\js\monstre_state_logic.js;30;"function get_monstre_pv(monstre) { return monstre.pv; }"
set_monstre_position;function;app\static\js\monstre_state_logic.js;app\static\js\monstre_state_logic.js;app\static\js\monstre_state_logic.js;31;"function set_monstre_position(monstre, x, y) { monstre.position = { x, y }; }"
get_monstre_position;function;app\static\js\monstre_state_logic.js;app\static\js\monstre_state_logic.js;app\static\js\combat_manager_logic.js;126;"const monsterPos = get_monstre_position(monstre.state);"
get_monstre_position;function;app\static\js\monstre_state_logic.js;app\static\js\monstre_state_logic.js;app\static\js\combat_manager_logic.js;152;"const monsterPos = get_monstre_position(window.currentMonstre.state);"
get_monstre_position;function;app\static\js\monstre_state_logic.js;app\static\js\monstre_state_logic.js;app\static\js\combat_manager_logic.js;270;"const monsterPos = get_monstre_position(monstre.state);"
get_monstre_position;function;app\static\js\monstre_state_logic.js;app\static\js\monstre_state_logic.js;app\static\js\monstre_state_logic.js;32;"function get_monstre_position(monstre) { return { ...monstre.position }; }"
set_monstre_statut;function;app\static\js\monstre_state_logic.js;app\static\js\monstre_state_logic.js;app\static\js\monstre_state_logic.js;33;"function set_monstre_statut(monstre, statut) { monstre.statuts.push(statut); }"
clear_monstre_statuts;function;app\static\js\monstre_state_logic.js;app\static\js\monstre_state_logic.js;app\static\js\monstre_state_logic.js;34;"function clear_monstre_statuts(monstre) { monstre.statuts = []; }"
reset_monstre;function;app\static\js\monstre_state_logic.js;app\static\js\monstre_state_logic.js;app\static\js\monstre_state_logic.js;37;function reset_monstre(monstre, params = {}) {
get_monstre_save_data;function;app\static\js\monstre_state_logic.js;app\static\js\monstre_state_logic.js;app\static\js\monstre_state_logic.js;47;function get_monstre_save_data(monstre) {
load_monstre_data;function;app\static\js\monstre_state_logic.js;app\static\js\monstre_state_logic.js;app\static\js\monstre_state_logic.js;50;function load_monstre_data(monstre, data) {
appliquer_effet;function;app\static\js\monstre_state_logic.js;app\static\js\monstre_state_logic.js;app\static\js\monstre_state_logic.js;59;function appliquer_effet(monstre, effet, { duree = 2000, valeur = 1, on_tick, on_end } = {}) {
appliquer_effet;function;app\static\js\monstre_state_logic.js;app\static\js\monstre_state_logic.js;app\static\js\monstre_state_logic.js;96;appliquer_effet(monstre, 'debuff_atk', {
a_effet;function;app\static\js\monstre_state_logic.js;app\static\js\monstre_state_logic.js;app\static\js\monstre_state_logic.js;78;function a_effet(monstre, effet) {
retirer_effet;function;app\static\js\monstre_state_logic.js;app\static\js\monstre_state_logic.js;app\static\js\monstre_state_logic.js;82;function retirer_effet(monstre, effet) {
appliquer_debuff_atk;function;app\static\js\monstre_state_logic.js;app\static\js\monstre_state_logic.js;app\static\js\monstre_state_logic.js;93;function appliquer_debuff_atk(monstre, valeur, duree) {
afficher_degats_monstre;function;app\static\js\monstre_visual_utils.js;app\static\js\monstre_visual_utils.js;app\static\js\monstre_visual_utils.js;10;function afficher_degats_monstre(monstre_div, valeur) {
afficher_soin_monstre;function;app\static\js\monstre_visual_utils.js;app\static\js\monstre_visual_utils.js;app\static\js\monstre_visual_utils.js;33;function afficher_soin_monstre(monstre_div, valeur) {
afficher_buff_monstre;function;app\static\js\monstre_visual_utils.js;app\static\js\monstre_visual_utils.js;app\static\js\monstre_visual_utils.js;56;function afficher_buff_monstre(monstre_div, nom_buff) {
afficher_debuff_monstre;function;app\static\js\monstre_visual_utils.js;app\static\js\monstre_visual_utils.js;app\static\js\monstre_visual_utils.js;79;function afficher_debuff_monstre(monstre_div, nom_debuff) {
afficher_miss_monstre;function;app\static\js\monstre_visual_utils.js;app\static\js\monstre_visual_utils.js;app\static\js\monstre_visual_utils.js;101;function afficher_miss_monstre(monstre_div) {
initialiser_stats_joueur;function;app\static\js\player_main_logic.js;app\static\js\player_main_logic.js;app\static\js\player_main_logic.js;27;function initialiser_stats_joueur(level) {
initialiser_stats_joueur;function;app\static\js\player_main_logic.js;app\static\js\player_main_logic.js;app\static\js\player_main_logic.js;64;"initialiser_stats_joueur(window.PLAYER_LEVEL);"
gagner_xp;function;app\static\js\player_main_logic.js;app\static\js\player_main_logic.js;app\static\js\player_main_logic.js;34;function gagner_xp(amount) {
level_up;function;app\static\js\player_main_logic.js;app\static\js\player_main_logic.js;app\static\js\player_main_logic.js;46;"level_up();"
level_up;function;app\static\js\player_main_logic.js;app\static\js\player_main_logic.js;app\static\js\player_main_logic.js;58;function level_up() {
update_xp_bar;function;app\static\js\player_main_logic.js;app\static\js\player_main_logic.js,app\static\js\player_ui_logic.js;app\static\js\player_main_logic.js;40;"update_xp_bar();"
update_xp_bar;function;app\static\js\player_main_logic.js;app\static\js\player_main_logic.js,app\static\js\player_ui_logic.js;app\static\js\player_main_logic.js;55;"update_xp_bar();"
update_xp_bar;function;app\static\js\player_main_logic.js;app\static\js\player_main_logic.js,app\static\js\player_ui_logic.js;app\static\js\player_main_logic.js;69;function update_xp_bar() {
update_xp_bar;function;app\static\js\player_main_logic.js;app\static\js\player_main_logic.js,app\static\js\player_ui_logic.js;app\static\js\player_ui_logic.js;71;function update_xp_bar() {
update_xp_bar;function;app\static\js\player_main_logic.js;app\static\js\player_main_logic.js,app\static\js\player_ui_logic.js;app\static\js\player_ui_logic.js;91;"update_xp_bar();"
deplacer_joueur;function;app\static\js\player_main_logic.js;app\static\js\player_main_logic.js;app\static\js\player_main_logic.js;83;function deplacer_joueur(x, y) {
deplacer_joueur;function;app\static\js\player_main_logic.js;app\static\js\player_main_logic.js;app\static\js\player_main_logic.js;232;"deplacer_joueur(try_x, try_y);"
get_position_joueur;function;app\static\js\player_main_logic.js;app\static\js\player_main_logic.js;app\static\js\player_main_logic.js;86;function get_position_joueur() {
get_position_joueur_x;function;app\static\js\player_main_logic.js;app\static\js\player_main_logic.js;app\static\js\player_main_logic.js;89;function get_position_joueur_x() {
get_position_joueur_x;function;app\static\js\player_main_logic.js;app\static\js\player_main_logic.js;app\static\js\player_main_logic.js;212;"let current_x = get_position_joueur_x();"
get_position_joueur_y;function;app\static\js\player_main_logic.js;app\static\js\player_main_logic.js;app\static\js\player_main_logic.js;92;function get_position_joueur_y() {
get_position_joueur_y;function;app\static\js\player_main_logic.js;app\static\js\player_main_logic.js;app\static\js\player_main_logic.js;213;"let current_y = get_position_joueur_y();"
update_mana_bar;function;app\static\js\player_main_logic.js;app\static\js\player_main_logic.js,app\static\js\player_ui_logic.js;app\static\js\player_main_logic.js;98;function update_mana_bar() {
update_mana_bar;function;app\static\js\player_main_logic.js;app\static\js\player_main_logic.js,app\static\js\player_ui_logic.js;app\static\js\player_main_logic.js;132;"update_mana_bar();"
update_mana_bar;function;app\static\js\player_main_logic.js;app\static\js\player_main_logic.js,app\static\js\player_ui_logic.js;app\static\js\player_ui_logic.js;56;function update_mana_bar() {
update_mana_bar;function;app\static\js\player_main_logic.js;app\static\js\player_main_logic.js,app\static\js\player_ui_logic.js;app\static\js\player_ui_logic.js;90;"update_mana_bar();"
update_vie_bar;function;app\static\js\player_main_logic.js;app\static\js\player_main_logic.js;app\static\js\player_main_logic.js;105;function update_vie_bar() {
update_vie_bar;function;app\static\js\player_main_logic.js;app\static\js\player_main_logic.js;app\static\js\player_main_logic.js;157;"update_vie_bar();"
utiliser_talent;function;app\static\js\player_main_logic.js;app\static\js\player_main_logic.js;app\static\js\player_main_logic.js;114;function utiliser_talent(talent, index) {
initialiser_talents;function;app\static\js\player_main_logic.js;app\static\js\player_main_logic.js;app\static\js\player_main_logic.js;66;"initialiser_talents();"
initialiser_talents;function;app\static\js\player_main_logic.js;app\static\js\player_main_logic.js;app\static\js\player_main_logic.js;166;function initialiser_talents() {
animer_attaque;function;app\static\js\player_main_logic.js;app\static\js\player_main_logic.js;app\static\js\player_main_logic.js;117;"animer_attaque();"
animer_attaque;function;app\static\js\player_main_logic.js;app\static\js\player_main_logic.js;app\static\js\player_main_logic.js;189;function animer_attaque() {
dash_backwards;function;app\static\js\player_main_logic.js;app\static\js\player_main_logic.js;app\static\js\player_main_logic.js;211;function dash_backwards() {
load_player_data;function;app\static\js\player_main_logic.js;app\static\js\player_main_logic.js,app\static\js\save_manager_logic.js;app\static\js\player_main_logic.js;247;function load_player_data(save_data) {
load_player_data;function;app\static\js\player_main_logic.js;app\static\js\player_main_logic.js,app\static\js\save_manager_logic.js;app\static\js\save_manager_logic.js;46;function load_player_data(saveData) {
get_player_class;function;app\static\js\player_main_logic.js;app\static\js\player_main_logic.js,app\static\js\player_state_logic.js;app\static\js\player_main_logic.js;195;"player.style.backgroundImage = `url(/static/img/classes/${get_player_class().toLowerCase()}_attack.png)`;"
get_player_class;function;app\static\js\player_main_logic.js;app\static\js\player_main_logic.js,app\static\js\player_state_logic.js;app\static\js\player_main_logic.js;202;"player.style.backgroundImage = `url(/static/img/classes/${get_player_class().toLowerCase()}_idle.png)`;"
get_player_class;function;app\static\js\player_main_logic.js;app\static\js\player_main_logic.js,app\static\js\player_state_logic.js;app\static\js\player_main_logic.js;253;function get_player_class() {
get_player_class;function;app\static\js\player_main_logic.js;app\static\js\player_main_logic.js,app\static\js\player_state_logic.js;app\static\js\player_state_logic.js;37;"function get_player_class() { return state.classe; } // Classe"
set_combat;function;app\static\js\player_main_logic.js;app\static\js\player_main_logic.js;app\static\js\player_main_logic.js;257;function set_combat(actif) {
set_combat;function;app\static\js\player_main_logic.js;app\static\js\player_main_logic.js;app\static\js\player_state_logic.js;96;"modules.set_combat(false); // Force la fin du combat"
get_player_level;function;app\static\js\player_state_logic.js;app\static\js\player_state_logic.js;app\static\js\player_state_logic.js;31;"function get_player_level() { return state.level; } // Niveau"
get_player_level;function;app\static\js\player_state_logic.js;app\static\js\player_state_logic.js;app\static\js\player_ui_logic.js;32;"document.getElementById('stat-level').textContent = `Niveau : ${get_player_level()}`;"
get_player_level;function;app\static\js\player_state_logic.js;app\static\js\player_state_logic.js;app\static\js\player_ui_logic.js;73;"const lvl = get_player_level();"
get_player_xp;function;app\static\js\player_state_logic.js;app\static\js\player_state_logic.js;app\static\js\player_state_logic.js;32;"function get_player_xp() { return state.xp; } // XP"
get_player_xp;function;app\static\js\player_state_logic.js;app\static\js\player_state_logic.js;app\static\js\player_ui_logic.js;72;"const xp = get_player_xp();"
get_player_pv;function;app\static\js\player_state_logic.js;app\static\js\player_state_logic.js;app\static\js\player_main_logic.js;108;"const percent = (get_player_pv() / get_max_vie(window.PLAYER_LEVEL)) * 100;"
get_player_pv;function;app\static\js\player_state_logic.js;app\static\js\player_state_logic.js;app\static\js\player_main_logic.js;156;"set_player_pv(Math.min(get_player_pv() + (talent.heal || 1), get_max_vie(window.PLAYER_LEVEL)));"
get_player_pv;function;app\static\js\player_state_logic.js;app\static\js\player_state_logic.js;app\static\js\player_state_logic.js;33;"function get_player_pv() { return state.pv; } // Points de vie"
get_player_pv;function;app\static\js\player_state_logic.js;app\static\js\player_state_logic.js;app\static\js\player_state_logic.js;68;"set_player_pv(Math.min(get_player_pv() + pv_bonus, get_max_player_pv()));"
get_player_pv;function;app\static\js\player_state_logic.js;app\static\js\player_state_logic.js;app\static\js\player_ui_logic.js;42;"const pv = get_player_pv();"
get_player_pv;function;app\static\js\player_state_logic.js;app\static\js\player_state_logic.js;app\static\js\player_visual_utils.js;160;"const pv_avant = get_player_pv();"
get_player_pv;function;app\static\js\player_state_logic.js;app\static\js\player_state_logic.js;app\static\js\player_visual_utils.js;162;"const pv_apres = get_player_pv();"
get_player_pv;function;app\static\js\player_state_logic.js;app\static\js\player_state_logic.js;app\static\js\player_visual_utils.js;263;"set_player_pv(Math.min(get_player_pv() + 1, get_max_vie(window.PLAYER_LEVEL)));"
get_player_mana;function;app\static\js\player_state_logic.js;app\static\js\player_state_logic.js;app\static\js\player_main_logic.js;101;"const percent = (get_player_mana() / get_max_mana(window.PLAYER_LEVEL)) * 100;"
get_player_mana;function;app\static\js\player_state_logic.js;app\static\js\player_state_logic.js;app\static\js\player_main_logic.js;116;"if (get_player_mana() < talent.cost) return;"
get_player_mana;function;app\static\js\player_state_logic.js;app\static\js\player_state_logic.js;app\static\js\player_main_logic.js;131;"set_player_mana(get_player_mana() - talent.cost);"
get_player_mana;function;app\static\js\player_state_logic.js;app\static\js\player_state_logic.js;app\static\js\player_state_logic.js;34;"function get_player_mana() { return state.mana; } // Mana"
get_player_mana;function;app\static\js\player_state_logic.js;app\static\js\player_state_logic.js;app\static\js\player_state_logic.js;69;"set_player_mana(Math.min(get_player_mana() + mana_bonus, get_max_player_mana()));"
get_player_mana;function;app\static\js\player_state_logic.js;app\static\js\player_state_logic.js;app\static\js\player_ui_logic.js;57;"const mana = get_player_mana();"
get_player_mana;function;app\static\js\player_state_logic.js;app\static\js\player_state_logic.js;app\static\js\player_visual_utils.js;264;"set_player_mana(Math.min(get_player_mana() + 1, get_max_mana(window.PLAYER_LEVEL)));"
get_player_atk;function;app\static\js\player_state_logic.js;app\static\js\player_state_logic.js;app\static\js\player_state_logic.js;35;"function get_player_atk() { return state.atk; } // Attaque"
get_player_atk;function;app\static\js\player_state_logic.js;app\static\js\player_state_logic.js;app\static\js\player_ui_logic.js;26;"document.getElementById('stat-atk').textContent = `ATK : ${get_player_atk()}`;"
get_player_def;function;app\static\js\player_state_logic.js;app\static\js\player_state_logic.js;app\static\js\player_state_logic.js;36;"function get_player_def() { return state.def; } // Défense"
get_player_def;function;app\static\js\player_state_logic.js;app\static\js\player_state_logic.js;app\static\js\player_ui_logic.js;28;"document.getElementById('stat-def').textContent = `DEF : ${get_player_def()}`;"
get_player_position;function;app\static\js\player_state_logic.js;app\static\js\player_state_logic.js;app\static\js\player_state_logic.js;38;"function get_player_position() { return { ...state.position }; } // Position (copie)"
get_player_inventory;function;app\static\js\player_state_logic.js;app\static\js\player_state_logic.js;app\static\js\player_state_logic.js;39;"function get_player_inventory() { return [...state.inventaire]; } // Inventaire (copie)"
get_player_talents;function;app\static\js\player_state_logic.js;app\static\js\player_state_logic.js;app\static\js\player_state_logic.js;40;"function get_player_talents() { return [...state.talents]; } // Talents (copie)"
get_player_map;function;app\static\js\player_state_logic.js;app\static\js\player_state_logic.js;app\static\js\player_state_logic.js;41;"function get_player_map() { return state.carte; } // Carte courante"
get_central_player_position;function;app\static\js\player_state_logic.js;app\static\js\player_state_logic.js;app\static\js\player_main_logic.js;87;"return get_central_player_position();"
get_central_player_position;function;app\static\js\player_state_logic.js;app\static\js\player_state_logic.js;app\static\js\player_main_logic.js;90;"return get_central_player_position().x;"
get_central_player_position;function;app\static\js\player_state_logic.js;app\static\js\player_state_logic.js;app\static\js\player_main_logic.js;93;"return get_central_player_position().y;"
get_central_player_position;function;app\static\js\player_state_logic.js;app\static\js\player_state_logic.js;app\static\js\player_state_logic.js;42;"function get_central_player_position() { return { ...state.position }; } // Alias position"
get_current_class_modifiers;function;app\static\js\player_state_logic.js;app\static\js\player_state_logic.js;app\static\js\player_state_logic.js;43;"function get_current_class_modifiers() { return CLASS_MODIFIERS[state.classe] || { atk: 0, def: 0, hp: 0, mana: 0 }; }"
get_current_class_modifiers;function;app\static\js\player_state_logic.js;app\static\js\player_state_logic.js;app\static\js\player_state_logic.js;46;"const mods = get_current_class_modifiers();"
get_current_class_modifiers;function;app\static\js\player_state_logic.js;app\static\js\player_state_logic.js;app\static\js\player_state_logic.js;61;"const mods = get_current_class_modifiers();"
get_player_effective_stats;function;app\static\js\player_state_logic.js;app\static\js\player_state_logic.js;app\static\js\player_state_logic.js;44;function get_player_effective_stats() {
start_regen;function;app\static\js\player_state_logic.js;app\static\js\player_state_logic.js,app\static\js\player_visual_utils.js;app\static\js\player_state_logic.js;57;function start_regen() {
start_regen;function;app\static\js\player_state_logic.js;app\static\js\player_state_logic.js,app\static\js\player_visual_utils.js;app\static\js\player_visual_utils.js;253;function start_regen() {
start_regen;function;app\static\js\player_state_logic.js;app\static\js\player_state_logic.js,app\static\js\player_visual_utils.js;app\static\js\player_visual_utils.js;256;"if (mod && typeof mod.start_regen === 'function') mod.start_regen();"
stop_regen;function;app\static\js\player_state_logic.js;app\static\js\player_state_logic.js,app\static\js\player_visual_utils.js;app\static\js\player_state_logic.js;72;function stop_regen() {
stop_regen;function;app\static\js\player_state_logic.js;app\static\js\player_state_logic.js,app\static\js\player_visual_utils.js;app\static\js\player_visual_utils.js;219;"if (window.stop_regen) window.stop_regen();"
stop_regen;function;app\static\js\player_state_logic.js;app\static\js\player_state_logic.js,app\static\js\player_visual_utils.js;app\static\js\player_visual_utils.js;270;function stop_regen() {
stop_regen;function;app\static\js\player_state_logic.js;app\static\js\player_state_logic.js,app\static\js\player_visual_utils.js;app\static\js\player_visual_utils.js;273;"if (mod && typeof mod.stop_regen === 'function') mod.stop_regen();"
get_max_player_pv;function;app\static\js\player_state_logic.js;app\static\js\player_state_logic.js;app\static\js\player_state_logic.js;64;"const pv_bonus_percent = Math.max(1, Math.floor(get_max_player_pv() * 0.05));"
get_max_player_pv;function;app\static\js\player_state_logic.js;app\static\js\player_state_logic.js;app\static\js\player_state_logic.js;68;"set_player_pv(Math.min(get_player_pv() + pv_bonus, get_max_player_pv()));"
get_max_player_pv;function;app\static\js\player_state_logic.js;app\static\js\player_state_logic.js;app\static\js\player_state_logic.js;78;"function get_max_player_pv() { return state.pv_max || 120; }"
get_max_player_pv;function;app\static\js\player_state_logic.js;app\static\js\player_state_logic.js;app\static\js\player_ui_logic.js;43;"const pvMax = get_max_player_pv();"
get_max_player_pv;function;app\static\js\player_state_logic.js;app\static\js\player_state_logic.js;app\static\js\save_manager_logic.js;70;"set_player_pv(get_max_player_pv());"
get_max_player_mana;function;app\static\js\player_state_logic.js;app\static\js\player_state_logic.js;app\static\js\player_state_logic.js;65;"const mana_bonus_percent = Math.max(1, Math.floor(get_max_player_mana() * 0.05));"
get_max_player_mana;function;app\static\js\player_state_logic.js;app\static\js\player_state_logic.js;app\static\js\player_state_logic.js;69;"set_player_mana(Math.min(get_player_mana() + mana_bonus, get_max_player_mana()));"
get_max_player_mana;function;app\static\js\player_state_logic.js;app\static\js\player_state_logic.js;app\static\js\player_state_logic.js;79;"function get_max_player_mana() { return state.mana_max || 15; }"
get_max_player_mana;function;app\static\js\player_state_logic.js;app\static\js\player_state_logic.js;app\static\js\player_ui_logic.js;58;"const manaMax = get_max_player_mana();"
get_max_player_mana;function;app\static\js\player_state_logic.js;app\static\js\player_state_logic.js;app\static\js\save_manager_logic.js;75;"set_player_mana(get_max_player_mana());"
emit_player_stats_changed;function;app\static\js\player_state_logic.js;;app\static\js\player_state_logic.js;84;function emit_player_stats_changed() {
emit_player_stats_changed;function;app\static\js\player_state_logic.js;;app\static\js\player_state_logic.js;87;"function set_player_level(lvl) { state.level = lvl; emit_player_stats_changed(); }"
emit_player_stats_changed;function;app\static\js\player_state_logic.js;;app\static\js\player_state_logic.js;88;"function set_player_xp(xp) { state.xp = xp; emit_player_stats_changed(); }"
emit_player_stats_changed;function;app\static\js\player_state_logic.js;;app\static\js\player_state_logic.js;92;"emit_player_stats_changed();"
emit_player_stats_changed;function;app\static\js\player_state_logic.js;;app\static\js\player_state_logic.js;100;"function set_player_mana(mana) { state.mana = mana; emit_player_stats_changed(); }"
emit_player_stats_changed;function;app\static\js\player_state_logic.js;;app\static\js\player_state_logic.js;101;"function set_player_atk(atk) { state.atk = atk; emit_player_stats_changed(); }"
emit_player_stats_changed;function;app\static\js\player_state_logic.js;;app\static\js\player_state_logic.js;102;"function set_player_def(def_) { state.def = def_; emit_player_stats_changed(); }"
emit_player_stats_changed;function;app\static\js\player_state_logic.js;;app\static\js\player_state_logic.js;103;"function set_player_class(classe) { state.classe = classe; emit_player_stats_changed(); }"
emit_player_stats_changed;function;app\static\js\player_state_logic.js;;app\static\js\player_state_logic.js;107;"function set_player_position(x, y) { state.position = { x, y }; emit_player_stats_changed(); }"
emit_player_stats_changed;function;app\static\js\player_state_logic.js;;app\static\js\player_state_logic.js;108;"function set_player_inventory(inv) { state.inventaire = [...inv]; emit_player_stats_changed(); }"
emit_player_stats_changed;function;app\static\js\player_state_logic.js;;app\static\js\player_state_logic.js;109;"function set_player_talents(tal) { state.talents = [...tal]; emit_player_stats_changed(); }"
emit_player_stats_changed;function;app\static\js\player_state_logic.js;;app\static\js\player_state_logic.js;110;"function set_player_map(map) { state.carte = map; emit_player_stats_changed(); }"
emit_player_stats_changed;function;app\static\js\player_state_logic.js;;app\static\js\player_state_logic.js;115;"emit_player_stats_changed();"
set_player_level;function;app\static\js\player_state_logic.js;app\static\js\player_state_logic.js;app\static\js\player_state_logic.js;87;"function set_player_level(lvl) { state.level = lvl; emit_player_stats_changed(); }"
set_player_xp;function;app\static\js\player_state_logic.js;app\static\js\player_state_logic.js;app\static\js\player_main_logic.js;39;"set_player_xp(player_xp);"
set_player_xp;function;app\static\js\player_state_logic.js;app\static\js\player_state_logic.js;app\static\js\player_main_logic.js;44;"set_player_xp(player_xp);"
set_player_xp;function;app\static\js\player_state_logic.js;app\static\js\player_state_logic.js;app\static\js\player_main_logic.js;49;"set_player_xp(player_xp);"
set_player_xp;function;app\static\js\player_state_logic.js;app\static\js\player_state_logic.js;app\static\js\player_main_logic.js;54;"set_player_xp(player_xp);"
set_player_xp;function;app\static\js\player_state_logic.js;app\static\js\player_state_logic.js;app\static\js\player_main_logic.js;61;"set_player_xp(window.PLAYER_XP);"
set_player_xp;function;app\static\js\player_state_logic.js;app\static\js\player_state_logic.js;app\static\js\player_state_logic.js;88;"function set_player_xp(xp) { state.xp = xp; emit_player_stats_changed(); }"
set_player_xp;function;app\static\js\player_state_logic.js;app\static\js\player_state_logic.js;app\static\js\save_manager_logic.js;55;"set_player_xp(xp);"
set_player_pv;function;app\static\js\player_state_logic.js;app\static\js\player_state_logic.js;app\static\js\player_main_logic.js;28;"set_player_pv(get_max_vie(level));"
set_player_pv;function;app\static\js\player_state_logic.js;app\static\js\player_state_logic.js;app\static\js\player_main_logic.js;156;"set_player_pv(Math.min(get_player_pv() + (talent.heal || 1), get_max_vie(window.PLAYER_LEVEL)));"
set_player_pv;function;app\static\js\player_state_logic.js;app\static\js\player_state_logic.js;app\static\js\player_state_logic.js;68;"set_player_pv(Math.min(get_player_pv() + pv_bonus, get_max_player_pv()));"
set_player_pv;function;app\static\js\player_state_logic.js;app\static\js\player_state_logic.js;app\static\js\player_state_logic.js;89;function set_player_pv(pv) {
set_player_pv;function;app\static\js\player_state_logic.js;app\static\js\player_state_logic.js;app\static\js\player_visual_utils.js;161;"set_player_pv(pv_avant - valeur);"
set_player_pv;function;app\static\js\player_state_logic.js;app\static\js\player_state_logic.js;app\static\js\player_visual_utils.js;263;"set_player_pv(Math.min(get_player_pv() + 1, get_max_vie(window.PLAYER_LEVEL)));"
set_player_pv;function;app\static\js\player_state_logic.js;app\static\js\player_state_logic.js;app\static\js\save_manager_logic.js;66;"set_player_pv(saveData.vie);"
set_player_pv;function;app\static\js\player_state_logic.js;app\static\js\player_state_logic.js;app\static\js\save_manager_logic.js;68;"set_player_pv(saveData.pv);"
set_player_pv;function;app\static\js\player_state_logic.js;app\static\js\player_state_logic.js;app\static\js\save_manager_logic.js;70;"set_player_pv(get_max_player_pv());"
set_player_mana;function;app\static\js\player_state_logic.js;app\static\js\player_state_logic.js;app\static\js\player_main_logic.js;29;"set_player_mana(get_max_mana(level));"
set_player_mana;function;app\static\js\player_state_logic.js;app\static\js\player_state_logic.js;app\static\js\player_main_logic.js;131;"set_player_mana(get_player_mana() - talent.cost);"
set_player_mana;function;app\static\js\player_state_logic.js;app\static\js\player_state_logic.js;app\static\js\player_state_logic.js;69;"set_player_mana(Math.min(get_player_mana() + mana_bonus, get_max_player_mana()));"
set_player_mana;function;app\static\js\player_state_logic.js;app\static\js\player_state_logic.js;app\static\js\player_state_logic.js;100;"function set_player_mana(mana) { state.mana = mana; emit_player_stats_changed(); }"
set_player_mana;function;app\static\js\player_state_logic.js;app\static\js\player_state_logic.js;app\static\js\player_visual_utils.js;264;"set_player_mana(Math.min(get_player_mana() + 1, get_max_mana(window.PLAYER_LEVEL)));"
set_player_mana;function;app\static\js\player_state_logic.js;app\static\js\player_state_logic.js;app\static\js\save_manager_logic.js;73;"set_player_mana(saveData.mana);"
set_player_mana;function;app\static\js\player_state_logic.js;app\static\js\player_state_logic.js;app\static\js\save_manager_logic.js;75;"set_player_mana(get_max_player_mana());"
set_player_atk;function;app\static\js\player_state_logic.js;app\static\js\player_state_logic.js;app\static\js\player_state_logic.js;101;"function set_player_atk(atk) { state.atk = atk; emit_player_stats_changed(); }"
set_player_def;function;app\static\js\player_state_logic.js;app\static\js\player_state_logic.js;app\static\js\player_state_logic.js;102;"function set_player_def(def_) { state.def = def_; emit_player_stats_changed(); }"
set_player_class;function;app\static\js\player_state_logic.js;app\static\js\player_state_logic.js;app\static\js\player_state_logic.js;103;"function set_player_class(classe) { state.classe = classe; emit_player_stats_changed(); }"
update_player_position;function;app\static\js\player_state_logic.js;app\static\js\player_state_logic.js;app\static\js\player_state_logic.js;104;function update_player_position(x, y) {
set_player_position;function;app\static\js\player_state_logic.js;app\static\js\player_state_logic.js;app\static\js\player_state_logic.js;105;"set_player_position(x, y);"
set_player_position;function;app\static\js\player_state_logic.js;app\static\js\player_state_logic.js;app\static\js\player_state_logic.js;107;"function set_player_position(x, y) { state.position = { x, y }; emit_player_stats_changed(); }"
set_player_inventory;function;app\static\js\player_state_logic.js;app\static\js\player_state_logic.js;app\static\js\player_state_logic.js;108;"function set_player_inventory(inv) { state.inventaire = [...inv]; emit_player_stats_changed(); }"
set_player_inventory;function;app\static\js\player_state_logic.js;app\static\js\player_state_logic.js;app\static\js\save_manager_logic.js;79;"set_player_inventory(saveData.inventaire);"
set_player_talents;function;app\static\js\player_state_logic.js;app\static\js\player_state_logic.js;app\static\js\player_state_logic.js;109;"function set_player_talents(tal) { state.talents = [...tal]; emit_player_stats_changed(); }"
set_player_talents;function;app\static\js\player_state_logic.js;app\static\js\player_state_logic.js;app\static\js\save_manager_logic.js;82;"set_player_talents(saveData.talents);"
set_player_map;function;app\static\js\player_state_logic.js;app\static\js\player_state_logic.js;app\static\js\player_state_logic.js;110;"function set_player_map(map) { state.carte = map; emit_player_stats_changed(); }"
set_player_map;function;app\static\js\player_state_logic.js;app\static\js\player_state_logic.js;app\static\js\save_manager_logic.js;58;"set_player_map(saveData.carte || saveData.map);"
init_player_state;function;app\static\js\player_state_logic.js;app\static\js\player_state_logic.js;app\static\js\player_state_logic.js;113;function init_player_state(init_data = {}) {
init_player_state;function;app\static\js\player_state_logic.js;app\static\js\player_state_logic.js;app\static\js\save_manager_logic.js;51;init_player_state({
get_player_save_data;function;app\static\js\player_state_logic.js;app\static\js\player_state_logic.js,app\static\js\save_manager_logic.js;app\static\js\player_state_logic.js;119;function get_player_save_data() {
get_player_save_data;function;app\static\js\player_state_logic.js;app\static\js\player_state_logic.js,app\static\js\save_manager_logic.js;app\static\js\save_manager_logic.js;31;function get_player_save_data() {
getAllTalentsList;function;app\static\js\player_talents_logic.js;app\static\js\player_talents_logic.js;app\static\js\player_talents_logic.js;16;function getAllTalentsList() {
getAllTalentsList;function;app\static\js\player_talents_logic.js;app\static\js\player_talents_logic.js;app\static\js\player_talents_logic.js;30;"const allTalents = getAllTalentsList();"
getTalentsFromIds;function;app\static\js\player_talents_logic.js;app\static\js\player_talents_logic.js;app\static\js\player_talents_logic.js;29;function getTalentsFromIds(ids) {
getTalents;function;app\static\js\player_talents_logic.js;app\static\js\player_talents_logic.js;app\static\js\input_handler_logic.js;89;"const talentsData = getTalents();"
getTalents;function;app\static\js\player_talents_logic.js;app\static\js\player_talents_logic.js;app\static\js\player_talents_logic.js;38;function getTalents() {
utiliserTalent;function;app\static\js\player_talents_logic.js;app\static\js\player_talents_logic.js;app\static\js\input_handler_logic.js;77;"return utiliserTalent(talent);"
utiliserTalent;function;app\static\js\player_talents_logic.js;app\static\js\player_talents_logic.js;app\static\js\player_talents_logic.js;67;function utiliserTalent(talent, index) {
dashStealth;function;app\static\js\player_talents_logic.js;app\static\js\player_talents_logic.js;app\static\js\player_talents_logic.js;140;function dashStealth(dureeFurtivite = 2000) {
update_player_stats_panel;function;app\static\js\player_ui_logic.js;app\static\js\player_ui_logic.js;app\static\js\player_ui_logic.js;24;function update_player_stats_panel() {
update_player_stats_panel;function;app\static\js\player_ui_logic.js;app\static\js\player_ui_logic.js;app\static\js\player_ui_logic.js;88;"update_player_stats_panel();"
update_pv_bar;function;app\static\js\player_ui_logic.js;app\static\js\player_ui_logic.js;app\static\js\player_ui_logic.js;41;function update_pv_bar() {
update_pv_bar;function;app\static\js\player_ui_logic.js;app\static\js\player_ui_logic.js;app\static\js\player_ui_logic.js;89;"update_pv_bar();"
update_all_player_ui;function;app\static\js\player_ui_logic.js;app\static\js\player_ui_logic.js;app\static\js\player_ui_logic.js;87;function update_all_player_ui() {
create_floating_text;function;app\static\js\player_visual_utils.js;app\static\js\player_visual_utils.js;app\static\js\player_main_logic.js;65;"create_floating_text(`Niveau ${window.PLAYER_LEVEL} !`, '#FFD700');"
create_floating_text;function;app\static\js\player_visual_utils.js;app\static\js\player_visual_utils.js;app\static\js\player_main_logic.js;129;"create_floating_text(talent.effect_text, talent.color || ""white"");"
create_floating_text;function;app\static\js\player_visual_utils.js;app\static\js\player_visual_utils.js;app\static\js\player_visual_utils.js;28;function create_floating_text(text, color) {
create_floating_text;function;app\static\js\player_visual_utils.js;app\static\js\player_visual_utils.js;app\static\js\player_visual_utils.js;287;"create_floating_text(`+${valeur}`, 'lightgreen');"
create_floating_text;function;app\static\js\player_visual_utils.js;app\static\js\player_visual_utils.js;app\static\js\player_visual_utils.js;294;"create_floating_text(`CRIT ! -${valeur}`, '#FFD700');"
create_floating_text;function;app\static\js\player_visual_utils.js;app\static\js\player_visual_utils.js;app\static\js\player_visual_utils.js;300;"create_floating_text('Esquive !', '#87CEEB');"
create_floating_text;function;app\static\js\player_visual_utils.js;app\static\js\player_visual_utils.js;app\static\js\player_visual_utils.js;306;"create_floating_text('Parade !', '#00BFFF');"
create_floating_text;function;app\static\js\player_visual_utils.js;app\static\js\player_visual_utils.js;app\static\js\player_visual_utils.js;313;"create_floating_text(`+${nom_buff}`, '#66ff99');"
create_floating_text;function;app\static\js\player_visual_utils.js;app\static\js\player_visual_utils.js;app\static\js\player_visual_utils.js;320;"create_floating_text(`-${nom_debuff}`, '#ff6666');"
create_floating_text;function;app\static\js\player_visual_utils.js;app\static\js\player_visual_utils.js;app\static\js\player_visual_utils.js;326;"create_floating_text('Miss !', '#bbb');"
apply_boost;function;app\static\js\player_visual_utils.js;app\static\js\player_visual_utils.js;app\static\js\player_main_logic.js;159;"apply_boost(talent.boost_type, talent.boost_value, talent.duration);"
apply_boost;function;app\static\js\player_visual_utils.js;app\static\js\player_visual_utils.js;app\static\js\player_visual_utils.js;55;function apply_boost(boost_type, amount, duration) {
apply_shield;function;app\static\js\player_visual_utils.js;app\static\js\player_visual_utils.js;app\static\js\player_visual_utils.js;71;function apply_shield(value, duration) {
apply_stun;function;app\static\js\player_visual_utils.js;app\static\js\player_visual_utils.js;app\static\js\player_visual_utils.js;82;function apply_stun(monstre, duration) {
apply_poison;function;app\static\js\player_visual_utils.js;app\static\js\player_visual_utils.js;app\static\js\player_visual_utils.js;96;function apply_poison(duration) {
afficher_degats;function;app\static\js\player_visual_utils.js;app\static\js\player_visual_utils.js;app\static\js\player_visual_utils.js;109;function afficher_degats(valeur) {
afficher_mob_degats;function;app\static\js\player_visual_utils.js;app\static\js\player_visual_utils.js;app\static\js\player_visual_utils.js;134;function afficher_mob_degats(valeur) {
infliger_degats_au_joueur;function;app\static\js\player_visual_utils.js;app\static\js\player_visual_utils.js;app\static\js\player_visual_utils.js;158;function infliger_degats_au_joueur(valeur) {
register_game_interval;function;app\static\js\player_visual_utils.js;app\static\js\player_visual_utils.js;app\static\js\player_visual_utils.js;182;function register_game_interval(interval_id) {
clear_game_interval;function;app\static\js\player_visual_utils.js;app\static\js\player_visual_utils.js;app\static\js\player_visual_utils.js;192;function clear_game_interval(interval_id) {
clear_all_game_intervals;function;app\static\js\player_visual_utils.js;;app\static\js\player_visual_utils.js;202;function clear_all_game_intervals() {
clear_all_game_intervals;function;app\static\js\player_visual_utils.js;;app\static\js\player_visual_utils.js;222;"clear_all_game_intervals();"
afficher_game_over;function;app\static\js\player_visual_utils.js;app\static\js\player_visual_utils.js;app\static\js\player_state_logic.js;94;"window.afficher_game_over();"
afficher_game_over;function;app\static\js\player_visual_utils.js;app\static\js\player_visual_utils.js;app\static\js\player_visual_utils.js;167;"afficher_game_over();"
afficher_game_over;function;app\static\js\player_visual_utils.js;app\static\js\player_visual_utils.js;app\static\js\player_visual_utils.js;213;function afficher_game_over() {
clear_all_intervals;function;app\static\js\player_visual_utils.js;;app\static\js\player_visual_utils.js;235;function clear_all_intervals() {
afficher_soin;function;app\static\js\player_visual_utils.js;app\static\js\player_visual_utils.js;app\static\js\player_visual_utils.js;286;function afficher_soin(valeur) {
afficher_critique;function;app\static\js\player_visual_utils.js;app\static\js\player_visual_utils.js;app\static\js\player_visual_utils.js;293;function afficher_critique(valeur) {
afficher_esquive;function;app\static\js\player_visual_utils.js;app\static\js\player_visual_utils.js;app\static\js\player_visual_utils.js;299;function afficher_esquive() {
afficher_parade;function;app\static\js\player_visual_utils.js;app\static\js\player_visual_utils.js;app\static\js\player_visual_utils.js;305;function afficher_parade() {
afficher_buff;function;app\static\js\player_visual_utils.js;app\static\js\player_visual_utils.js;app\static\js\player_visual_utils.js;312;function afficher_buff(nom_buff) {
afficher_debuff;function;app\static\js\player_visual_utils.js;app\static\js\player_visual_utils.js;app\static\js\player_visual_utils.js;319;function afficher_debuff(nom_debuff) {
afficher_miss;function;app\static\js\player_visual_utils.js;app\static\js\player_visual_utils.js;app\static\js\player_visual_utils.js;325;function afficher_miss() {
getXpToNextLevel;function;app\static\js\progression_main_logic.js;app\static\js\progression_main_logic.js;app\static\js\progression_main_logic.js;12;function getXpToNextLevel(level) {
filterTalentsByLevel;function;app\static\js\progression_main_logic.js;app\static\js\progression_main_logic.js;app\static\js\progression_main_logic.js;25;function filterTalentsByLevel(allTalents, playerLevel) {
onLevelUp;function;app\static\js\progression_main_logic.js;app\static\js\progression_main_logic.js;app\static\js\progression_main_logic.js;36;function onLevelUp(playerLevel, allTalents, callbackNewTalent) {
getMaxVie;function;app\static\js\progression_main_logic.js;app\static\js\progression_main_logic.js;app\static\js\progression_main_logic.js;48;function getMaxVie(level) {
getMaxMana;function;app\static\js\progression_main_logic.js;app\static\js\progression_main_logic.js;app\static\js\progression_main_logic.js;55;function getMaxMana(level) {
getPlayerBaseAtk;function;app\static\js\progression_main_logic.js;app\static\js\progression_main_logic.js;app\static\js\progression_main_logic.js;63;function getPlayerBaseAtk(level) {
getPlayerBaseDef;function;app\static\js\progression_main_logic.js;app\static\js\progression_main_logic.js;app\static\js\progression_main_logic.js;71;function getPlayerBaseDef(level) {
getMonsterPV;function;app\static\js\progression_main_logic.js;app\static\js\progression_main_logic.js;app\static\js\progression_main_logic.js;80;function getMonsterPV(level) {
getMonsterAtk;function;app\static\js\progression_main_logic.js;app\static\js\progression_main_logic.js;app\static\js\progression_main_logic.js;86;function getMonsterAtk(level) {
getMonsterDef;function;app\static\js\progression_main_logic.js;app\static\js\progression_main_logic.js;app\static\js\progression_main_logic.js;92;function getMonsterDef(level) {
getMonsterXP;function;app\static\js\progression_main_logic.js;app\static\js\progression_main_logic.js;app\static\js\progression_main_logic.js;98;function getMonsterXP(level) {
getMonsterXP;function;app\static\js\progression_main_logic.js;app\static\js\progression_main_logic.js;app\static\js\progression_main_logic.js;106;"return getMonsterXP(lvl);"
calculerXPMonstre;function;app\static\js\progression_main_logic.js;app\static\js\progression_main_logic.js;app\static\js\progression_main_logic.js;104;function calculerXPMonstre(monstre) {
initConnexion;function;app\static\js\utils_main_logic.js;app\static\js\utils_main_logic.js;app\static\js\main_entry_point.js;77;"initConnexion();"
initConnexion;function;app\static\js\utils_main_logic.js;app\static\js\utils_main_logic.js;app\static\js\main_entry_point.js;184;"initConnexion();"
initConnexion;function;app\static\js\utils_main_logic.js;app\static\js\utils_main_logic.js;app\static\js\utils_main_logic.js;10;function initConnexion() {
afficherMessage;function;app\static\js\utils_main_logic.js;app\static\js\utils_main_logic.js;app\static\js\player_talents_logic.js;207;"afficherMessage(""Vous êtes furtif pendant "" + (dureeFurtivite/1000) + ""s"", ""success"");"
afficherMessage;function;app\static\js\utils_main_logic.js;app\static\js\utils_main_logic.js;app\static\js\player_talents_logic.js;220;"afficherMessage(""La furtivité est terminée !"", ""error"");"
afficherMessage;function;app\static\js\utils_main_logic.js;app\static\js\utils_main_logic.js;app\static\js\player_talents_logic.js;225;"afficherMessage(""Dash furtif impossible : aucune case libre pour s'éloigner !"", ""error"");"
afficherMessage;function;app\static\js\utils_main_logic.js;app\static\js\utils_main_logic.js;app\static\js\utils_main_logic.js;25;"afficherMessage(result.message, response.ok ? 'success' : 'error');"
afficherMessage;function;app\static\js\utils_main_logic.js;app\static\js\utils_main_logic.js;app\static\js\utils_main_logic.js;51;"afficherMessage(result.message, response.ok ? 'success' : 'error');"
afficherMessage;function;app\static\js\utils_main_logic.js;app\static\js\utils_main_logic.js;app\static\js\utils_main_logic.js;63;function afficherMessage(message, type = 'info') {
initSmokeAnimation;function;app\static\js\utils_main_logic.js;app\static\js\utils_main_logic.js;app\static\js\main_entry_point.js;78;"initSmokeAnimation();"
initSmokeAnimation;function;app\static\js\utils_main_logic.js;app\static\js\utils_main_logic.js;app\static\js\utils_main_logic.js;80;function initSmokeAnimation() {
animateSmokeOpacity;function;app\static\js\utils_main_logic.js;;app\static\js\utils_main_logic.js;84;function animateSmokeOpacity() {
animateSmokeOpacity;function;app\static\js\utils_main_logic.js;;app\static\js\utils_main_logic.js;95;"animateSmokeOpacity();"
initParticles;function;app\static\js\utils_main_logic.js;app\static\js\utils_main_logic.js;app\static\js\main_entry_point.js;185;"initParticles();"
initParticles;function;app\static\js\utils_main_logic.js;app\static\js\utils_main_logic.js;app\static\js\utils_main_logic.js;104;function initParticles() {
