FunctionImported;ImportingFile;ExportingFile;ExportingPathReal
get_position_joueur;app\static\js\camera_main_logic.js;app\static\js\player_main_logic.js;D:\mon_projet_dungeon_crawler\Marteau-Mandale\app\static\js\player_state_logic.js
TILE_SIZE;app\static\js\camera_main_logic.js;app\static\js\map_constants_logic.js;NON TROUVE
MAP_WIDTH;app\static\js\camera_main_logic.js;app\static\js\map_constants_logic.js;NON TROUVE
MAP_HEIGHT;app\static\js\camera_main_logic.js;app\static\js\map_constants_logic.js;NON TROUVE
creer_monstre;app\static\js\combat_manager_logic.js;app\static\js\monstre_main_logic.js;D:\mon_projet_dungeon_crawler\Marteau-Mandale\app\static\js\monstre_main_logic.js
deplacer_monstre;app\static\js\combat_manager_logic.js;app\static\js\monstre_main_logic.js;D:\mon_projet_dungeon_crawler\Marteau-Mandale\app\static\js\monstre_main_logic.js
get_monstre_par_id;app\static\js\combat_manager_logic.js;app\static\js\monstre_main_logic.js;D:\mon_projet_dungeon_crawler\Marteau-Mandale\app\static\js\monstre_main_logic.js
appliquer_degats_au_monstre;app\static\js\combat_manager_logic.js;app\static\js\monstre_main_logic.js;D:\mon_projet_dungeon_crawler\Marteau-Mandale\app\static\js\monstre_main_logic.js
demarrer_deplacement_monstres;app\static\js\combat_manager_logic.js;app\static\js\monstre_main_logic.js;D:\mon_projet_dungeon_crawler\Marteau-Mandale\app\static\js\monstre_main_logic.js
arreter_deplacement_monstres;app\static\js\combat_manager_logic.js;app\static\js\monstre_main_logic.js;D:\mon_projet_dungeon_crawler\Marteau-Mandale\app\static\js\monstre_main_logic.js
get_monstres_adjacents_et_case;app\static\js\combat_manager_logic.js;app\static\js\monstre_main_logic.js;D:\mon_projet_dungeon_crawler\Marteau-Mandale\app\static\js\monstre_main_logic.js
get_monstres_actifs;app\static\js\combat_manager_logic.js;app\static\js\monstre_main_logic.js;D:\mon_projet_dungeon_crawler\Marteau-Mandale\app\static\js\monstre_main_logic.js
appliquer_soin_au_monstre;app\static\js\combat_manager_logic.js;app\static\js\monstre_main_logic.js;D:\mon_projet_dungeon_crawler\Marteau-Mandale\app\static\js\monstre_main_logic.js
appliquer_buff_au_monstre;app\static\js\combat_manager_logic.js;app\static\js\monstre_main_logic.js;D:\mon_projet_dungeon_crawler\Marteau-Mandale\app\static\js\monstre_main_logic.js
appliquer_debuff_au_monstre;app\static\js\combat_manager_logic.js;app\static\js\monstre_main_logic.js;D:\mon_projet_dungeon_crawler\Marteau-Mandale\app\static\js\monstre_main_logic.js
appliquer_miss_au_monstre;app\static\js\combat_manager_logic.js;app\static\js\monstre_main_logic.js;D:\mon_projet_dungeon_crawler\Marteau-Mandale\app\static\js\monstre_main_logic.js
appliquer_poison;app\static\js\combat_manager_logic.js;app\static\js\monstre_main_logic.js;D:\mon_projet_dungeon_crawler\Marteau-Mandale\app\static\js\monstre_main_logic.js
appliquer_stun;app\static\js\combat_manager_logic.js;app\static\js\monstre_main_logic.js;D:\mon_projet_dungeon_crawler\Marteau-Mandale\app\static\js\monstre_main_logic.js
appliquer_debuff_atk_monstre;app\static\js\combat_manager_logic.js;app\static\js\monstre_main_logic.js;D:\mon_projet_dungeon_crawler\Marteau-Mandale\app\static\js\monstre_main_logic.js
est_empoisonne;app\static\js\combat_manager_logic.js;app\static\js\monstre_main_logic.js;D:\mon_projet_dungeon_crawler\Marteau-Mandale\app\static\js\monstre_main_logic.js
retirer_poison;app\static\js\combat_manager_logic.js;app\static\js\monstre_main_logic.js;D:\mon_projet_dungeon_crawler\Marteau-Mandale\app\static\js\monstre_main_logic.js
supprimer_monstre;app\static\js\combat_manager_logic.js;app\static\js\monstre_main_logic.js;D:\mon_projet_dungeon_crawler\Marteau-Mandale\app\static\js\monstre_main_logic.js
get_position_joueur;app\static\js\combat_manager_logic.js;app\static\js\player_state_logic.js;D:\mon_projet_dungeon_crawler\Marteau-Mandale\app\static\js\player_state_logic.js
get_player_pv;app\static\js\combat_manager_logic.js;app\static\js\player_state_logic.js;D:\mon_projet_dungeon_crawler\Marteau-Mandale\app\static\js\player_state_logic.js
get_player_def;app\static\js\combat_manager_logic.js;app\static\js\player_state_logic.js;D:\mon_projet_dungeon_crawler\Marteau-Mandale\app\static\js\player_state_logic.js
get_player_class;app\static\js\combat_manager_logic.js;app\static\js\player_state_logic.js;D:\mon_projet_dungeon_crawler\Marteau-Mandale\app\static\js\player_state_logic.js
get_player_effective_stats;app\static\js\combat_manager_logic.js;app\static\js\player_state_logic.js;D:\mon_projet_dungeon_crawler\Marteau-Mandale\app\static\js\player_state_logic.js
infliger_degats_au_joueur;app\static\js\combat_manager_logic.js;app\static\js\player_visual_utils.js;D:\mon_projet_dungeon_crawler\Marteau-Mandale\app\static\js\player_visual_utils.js
DEPLACEMENT_SANS_RENCONTRE_INIT;app\static\js\combat_manager_logic.js;app\static\js\map_constants_logic.js;NON TROUVE
deplacer_joueur;app\static\js\input_handler_logic.js;app\static\js\player_main_logic.js;D:\mon_projet_dungeon_crawler\Marteau-Mandale\app\static\js\player_main_logic.js
demarrer_combat;app\static\js\input_handler_logic.js;app\static\js\combat_manager_logic.js;D:\mon_projet_dungeon_crawler\Marteau-Mandale\app\static\js\combat_manager_logic.js
get_position_joueur;app\static\js\input_handler_logic.js;app\static\js\player_main_logic.js;D:\mon_projet_dungeon_crawler\Marteau-Mandale\app\static\js\player_state_logic.js
utiliser_talent;app\static\js\input_handler_logic.js;app\static\js\player_talents_logic.js;D:\mon_projet_dungeon_crawler\Marteau-Mandale\app\static\js\player_main_logic.js
get_talents;app\static\js\input_handler_logic.js;app\static\js\player_talents_logic.js;D:\mon_projet_dungeon_crawler\Marteau-Mandale\app\static\js\player_talents_logic.js
initialiser_stats_joueur;app\static\js\main_entry_point.js;app\static\js\player_main_logic.js;D:\mon_projet_dungeon_crawler\Marteau-Mandale\app\static\js\player_main_logic.js
load_player_data;app\static\js\main_entry_point.js;app\static\js\player_main_logic.js;D:\mon_projet_dungeon_crawler\Marteau-Mandale\app\static\js\player_main_logic.js
start_regen_utils;app\static\js\main_entry_point.js;app\static\js\player_main_logic.js;NON TROUVE
charger_carte_initiale;app\static\js\main_entry_point.js;app\static\js\map_main_logic.js;D:\mon_projet_dungeon_crawler\Marteau-Mandale\app\static\js\map_main_logic.js
chargerNouvelleCarte as charger_nouvelle_carte;app\static\js\main_entry_point.js;app\static\js\map_main_logic.js;NON TROUVE
init_connexion;app\static\js\main_entry_point.js;app\static\js\utils_main_logic.js;NON TROUVE
init_smoke_animation;app\static\js\main_entry_point.js;app\static\js\utils_main_logic.js;NON TROUVE
init_particles;app\static\js\main_entry_point.js;app\static\js\utils_main_logic.js;NON TROUVE
handle_keydown;app\static\js\main_entry_point.js;app\static\js\input_handler_logic.js;NON TROUVE
reset_deplacement_sans_rencontre;app\static\js\main_entry_point.js;app\static\js\combat_manager_logic.js;D:\mon_projet_dungeon_crawler\Marteau-Mandale\app\static\js\combat_manager_logic.js
set_deplacement_sans_rencontre;app\static\js\main_entry_point.js;app\static\js\combat_manager_logic.js;D:\mon_projet_dungeon_crawler\Marteau-Mandale\app\static\js\combat_manager_logic.js
generer_rencontre;app\static\js\main_entry_point.js;app\static\js\combat_manager_logic.js;D:\mon_projet_dungeon_crawler\Marteau-Mandale\app\static\js\combat_manager_logic.js
initialiser_talents;app\static\js\main_entry_point.js;app\static\js\player_talents_logic.js;D:\mon_projet_dungeon_crawler\Marteau-Mandale\app\static\js\player_main_logic.js
update_all_player_ui;app\static\js\main_entry_point.js;app\static\js\player_ui_logic.js;D:\mon_projet_dungeon_crawler\Marteau-Mandale\app\static\js\player_ui_logic.js
get_player_save_data;app\static\js\main_entry_point.js;app\static\js\player_state_logic.js;D:\mon_projet_dungeon_crawler\Marteau-Mandale\app\static\js\player_state_logic.js
TILE_SIZE;app\static\js\map_main_logic.js;app\static\js\map_constants_logic.js;NON TROUVE
IMAGE_BASE_URL;app\static\js\map_main_logic.js;app\static\js\map_constants_logic.js;NON TROUVE
API_BASE_URL;app\static\js\map_main_logic.js;app\static\js\map_constants_logic.js;NON TROUVE
MAX_TILE_COUNT;app\static\js\map_main_logic.js;app\static\js\map_constants_logic.js;NON TROUVE
set_player_position;app\static\js\map_main_logic.js;app\static\js\map_constants_logic.js;D:\mon_projet_dungeon_crawler\Marteau-Mandale\app\static\js\player_state_logic.js
get_position_joueur;app\static\js\map_main_logic.js;app\static\js\player_main_logic.js;D:\mon_projet_dungeon_crawler\Marteau-Mandale\app\static\js\player_state_logic.js
genererRencontre;app\static\js\map_main_logic.js;app\static\js\combat_manager_logic.js;NON TROUVE
set_monstre_pv;app\static\js\monstre_main_logic.js;app\static\js\monstre_state_logic.js;D:\mon_projet_dungeon_crawler\Marteau-Mandale\app\static\js\monstre_state_logic.js
get_monstre_pv;app\static\js\monstre_main_logic.js;app\static\js\monstre_state_logic.js;D:\mon_projet_dungeon_crawler\Marteau-Mandale\app\static\js\monstre_state_logic.js
set_monstre_position;app\static\js\monstre_main_logic.js;app\static\js\monstre_state_logic.js;D:\mon_projet_dungeon_crawler\Marteau-Mandale\app\static\js\monstre_state_logic.js
get_monstre_position;app\static\js\monstre_main_logic.js;app\static\js\monstre_state_logic.js;D:\mon_projet_dungeon_crawler\Marteau-Mandale\app\static\js\monstre_state_logic.js
set_monstre_statut;app\static\js\monstre_main_logic.js;app\static\js\monstre_state_logic.js;D:\mon_projet_dungeon_crawler\Marteau-Mandale\app\static\js\monstre_state_logic.js
appliquer_effet;app\static\js\monstre_main_logic.js;app\static\js\monstre_state_logic.js;D:\mon_projet_dungeon_crawler\Marteau-Mandale\app\static\js\monstre_state_logic.js
appliquer_debuff_atk;app\static\js\monstre_main_logic.js;app\static\js\monstre_state_logic.js;D:\mon_projet_dungeon_crawler\Marteau-Mandale\app\static\js\monstre_state_logic.js
a_effet;app\static\js\monstre_main_logic.js;app\static\js\monstre_state_logic.js;D:\mon_projet_dungeon_crawler\Marteau-Mandale\app\static\js\monstre_state_logic.js
retirer_effet;app\static\js\monstre_main_logic.js;app\static\js\monstre_state_logic.js;D:\mon_projet_dungeon_crawler\Marteau-Mandale\app\static\js\monstre_state_logic.js
afficher_degats_monstre;app\static\js\monstre_main_logic.js;app\static\js\monstre_visual_utils.js;D:\mon_projet_dungeon_crawler\Marteau-Mandale\app\static\js\monstre_visual_utils.js
afficher_soin_monstre;app\static\js\monstre_main_logic.js;app\static\js\monstre_visual_utils.js;D:\mon_projet_dungeon_crawler\Marteau-Mandale\app\static\js\monstre_visual_utils.js
afficher_buff_monstre;app\static\js\monstre_main_logic.js;app\static\js\monstre_visual_utils.js;D:\mon_projet_dungeon_crawler\Marteau-Mandale\app\static\js\monstre_visual_utils.js
afficher_debuff_monstre;app\static\js\monstre_main_logic.js;app\static\js\monstre_visual_utils.js;D:\mon_projet_dungeon_crawler\Marteau-Mandale\app\static\js\monstre_visual_utils.js
afficher_miss_monstre;app\static\js\monstre_main_logic.js;app\static\js\monstre_visual_utils.js;D:\mon_projet_dungeon_crawler\Marteau-Mandale\app\static\js\monstre_visual_utils.js
register_game_interval;app\static\js\monstre_main_logic.js;app\static\js\player_visual_utils.js;D:\mon_projet_dungeon_crawler\Marteau-Mandale\app\static\js\player_visual_utils.js
clear_game_interval;app\static\js\monstre_main_logic.js;app\static\js\player_visual_utils.js;D:\mon_projet_dungeon_crawler\Marteau-Mandale\app\static\js\player_visual_utils.js
get_position_joueur;app\static\js\monstre_main_logic.js;app\static\js\player_state_logic.js;D:\mon_projet_dungeon_crawler\Marteau-Mandale\app\static\js\player_state_logic.js
get_player_def;app\static\js\monstre_main_logic.js;app\static\js\player_state_logic.js;D:\mon_projet_dungeon_crawler\Marteau-Mandale\app\static\js\player_state_logic.js
infliger_degats_au_joueur;app\static\js\monstre_main_logic.js;app\static\js\player_state_logic.js;D:\mon_projet_dungeon_crawler\Marteau-Mandale\app\static\js\player_visual_utils.js
get_player_pv;app\static\js\monstre_main_logic.js;app\static\js\player_state_logic.js;D:\mon_projet_dungeon_crawler\Marteau-Mandale\app\static\js\player_state_logic.js
is_blocked;app\static\js\monstre_main_logic.js;app\static\js\player_state_logic.js;NON TROUVE
demarrer_combat;app\static\js\monstre_main_logic.js;app\static\js\combat_manager_logic.js;D:\mon_projet_dungeon_crawler\Marteau-Mandale\app\static\js\combat_manager_logic.js
finir_combat;app\static\js\monstre_main_logic.js;app\static\js\combat_manager_logic.js;D:\mon_projet_dungeon_crawler\Marteau-Mandale\app\static\js\combat_manager_logic.js
get_monster_atk;app\static\js\monstre_state_logic.js;app\static\js\progression_main_logic.js;NON TROUVE
get_talents;app\static\js\player_main_logic.js;app\static\js\combat_manager_logic.js;D:\mon_projet_dungeon_crawler\Marteau-Mandale\app\static\js\player_talents_logic.js
set_combat;app\static\js\player_main_logic.js;app\static\js\combat_manager_logic.js;D:\mon_projet_dungeon_crawler\Marteau-Mandale\app\static\js\combat_manager_logic.js
get_position_joueur;app\static\js\player_main_logic.js;app\static\js\player_state_logic.js;D:\mon_projet_dungeon_crawler\Marteau-Mandale\app\static\js\player_state_logic.js
get_player_save_data;app\static\js\player_main_logic.js;app\static\js\player_state_logic.js;D:\mon_projet_dungeon_crawler\Marteau-Mandale\app\static\js\player_state_logic.js
set_player_position;app\static\js\player_main_logic.js;app\static\js\player_state_logic.js;D:\mon_projet_dungeon_crawler\Marteau-Mandale\app\static\js\player_state_logic.js
set_player_pv;app\static\js\player_main_logic.js;app\static\js\player_state_logic.js;D:\mon_projet_dungeon_crawler\Marteau-Mandale\app\static\js\player_state_logic.js
set_player_mana;app\static\js\player_main_logic.js;app\static\js\player_state_logic.js;D:\mon_projet_dungeon_crawler\Marteau-Mandale\app\static\js\player_state_logic.js
set_player_xp;app\static\js\player_main_logic.js;app\static\js\player_state_logic.js;D:\mon_projet_dungeon_crawler\Marteau-Mandale\app\static\js\player_state_logic.js
utiliser_talent_en_combat;app\static\js\player_main_logic.js;app\static\js\input_handler_logic.js;D:\mon_projet_dungeon_crawler\Marteau-Mandale\app\static\js\input_handler_logic.js
appliquer_effet;app\static\js\player_state_logic.js;app\static\js\utils_main_logic.js;D:\mon_projet_dungeon_crawler\Marteau-Mandale\app\static\js\utils_main_logic.js
utiliser_talent_en_combat;app\static\js\player_talents_logic.js;app\static\js\input_handler_logic.js;D:\mon_projet_dungeon_crawler\Marteau-Mandale\app\static\js\input_handler_logic.js
get_player_class;app\static\js\player_talents_logic.js;app\static\js\player_state_logic.js;D:\mon_projet_dungeon_crawler\Marteau-Mandale\app\static\js\player_state_logic.js
get_player_effective_stats;app\static\js\player_talents_logic.js;app\static\js\player_state_logic.js;D:\mon_projet_dungeon_crawler\Marteau-Mandale\app\static\js\player_state_logic.js
get_player_atk;app\static\js\player_ui_logic.js;app\static\js\player_state_logic.js;D:\mon_projet_dungeon_crawler\Marteau-Mandale\app\static\js\player_state_logic.js
get_player_def;app\static\js\player_ui_logic.js;app\static\js\player_state_logic.js;D:\mon_projet_dungeon_crawler\Marteau-Mandale\app\static\js\player_state_logic.js
get_player_class;app\static\js\player_ui_logic.js;app\static\js\player_state_logic.js;D:\mon_projet_dungeon_crawler\Marteau-Mandale\app\static\js\player_state_logic.js
get_player_level;app\static\js\player_ui_logic.js;app\static\js\player_state_logic.js;D:\mon_projet_dungeon_crawler\Marteau-Mandale\app\static\js\player_state_logic.js
get_player_pv;app\static\js\player_ui_logic.js;app\static\js\player_state_logic.js;D:\mon_projet_dungeon_crawler\Marteau-Mandale\app\static\js\player_state_logic.js
get_max_player_pv;app\static\js\player_ui_logic.js;app\static\js\player_state_logic.js;D:\mon_projet_dungeon_crawler\Marteau-Mandale\app\static\js\player_state_logic.js
get_player_mana;app\static\js\player_ui_logic.js;app\static\js\player_state_logic.js;D:\mon_projet_dungeon_crawler\Marteau-Mandale\app\static\js\player_state_logic.js
get_max_player_mana;app\static\js\player_ui_logic.js;app\static\js\player_state_logic.js;D:\mon_projet_dungeon_crawler\Marteau-Mandale\app\static\js\player_state_logic.js
get_player_xp;app\static\js\player_ui_logic.js;app\static\js\player_state_logic.js;D:\mon_projet_dungeon_crawler\Marteau-Mandale\app\static\js\player_state_logic.js
get_xp_to_next_level;app\static\js\player_ui_logic.js;app\static\js\player_state_logic.js;D:\mon_projet_dungeon_crawler\Marteau-Mandale\app\static\js\progression_main_logic.js
get_player_pv;app\static\js\player_visual_utils.js;app\static\js\player_state_logic.js;D:\mon_projet_dungeon_crawler\Marteau-Mandale\app\static\js\player_state_logic.js
get_player_mana;app\static\js\player_visual_utils.js;app\static\js\player_state_logic.js;D:\mon_projet_dungeon_crawler\Marteau-Mandale\app\static\js\player_state_logic.js
get_player_xp;app\static\js\player_visual_utils.js;app\static\js\player_state_logic.js;D:\mon_projet_dungeon_crawler\Marteau-Mandale\app\static\js\player_state_logic.js
set_player_pv;app\static\js\player_visual_utils.js;app\static\js\player_state_logic.js;D:\mon_projet_dungeon_crawler\Marteau-Mandale\app\static\js\player_state_logic.js
set_player_mana;app\static\js\player_visual_utils.js;app\static\js\player_state_logic.js;D:\mon_projet_dungeon_crawler\Marteau-Mandale\app\static\js\player_state_logic.js
get_xp_to_next_level;app\static\js\player_visual_utils.js;app\static\js\progression_main_logic.js;D:\mon_projet_dungeon_crawler\Marteau-Mandale\app\static\js\progression_main_logic.js
set_player_position;app\static\js\save_manager_logic.js;app\static\js\player_state_logic.js;D:\mon_projet_dungeon_crawler\Marteau-Mandale\app\static\js\player_state_logic.js
set_player_inventory;app\static\js\save_manager_logic.js;app\static\js\player_state_logic.js;D:\mon_projet_dungeon_crawler\Marteau-Mandale\app\static\js\player_state_logic.js
set_player_talents;app\static\js\save_manager_logic.js;app\static\js\player_state_logic.js;D:\mon_projet_dungeon_crawler\Marteau-Mandale\app\static\js\player_state_logic.js
init_player_state;app\static\js\save_manager_logic.js;app\static\js\player_state_logic.js;D:\mon_projet_dungeon_crawler\Marteau-Mandale\app\static\js\player_state_logic.js
set_player_xp;app\static\js\save_manager_logic.js;app\static\js\player_state_logic.js;D:\mon_projet_dungeon_crawler\Marteau-Mandale\app\static\js\player_state_logic.js
set_player_level;app\static\js\save_manager_logic.js;app\static\js\player_state_logic.js;D:\mon_projet_dungeon_crawler\Marteau-Mandale\app\static\js\player_state_logic.js
set_player_atk;app\static\js\save_manager_logic.js;app\static\js\player_state_logic.js;D:\mon_projet_dungeon_crawler\Marteau-Mandale\app\static\js\player_state_logic.js
set_player_def;app\static\js\save_manager_logic.js;app\static\js\player_state_logic.js;D:\mon_projet_dungeon_crawler\Marteau-Mandale\app\static\js\player_state_logic.js
set_player_class;app\static\js\save_manager_logic.js;app\static\js\player_state_logic.js;D:\mon_projet_dungeon_crawler\Marteau-Mandale\app\static\js\player_state_logic.js
set_player_map;app\static\js\save_manager_logic.js;app\static\js\player_state_logic.js;D:\mon_projet_dungeon_crawler\Marteau-Mandale\app\static\js\player_state_logic.js
get_player_save_data // Utilisation de la fonction centrale;app\static\js\save_manager_logic.js;app\static\js\player_state_logic.js;NON TROUVE
